Mohamed,12345,:2024-12-01 02:29:37,:2024-12-01 03:22:21,Accepted
Hamed,54321,:2024-12-01 02:32:00,:2024-12-01 03:16:24,Denied
Hamed,54321,:2024-12-01 03:02:46,:2024-12-01 03:16:27,Denied
Mohamed,54321,:2024-12-01 03:05:21,:2024-12-01 03:16:29,Denied
Mohamed,54321,:2024-12-01 03:08:58,:2024-12-01 03:16:35,Denied
Hamed,32145,:2024-12-01 03:20:08,:2024-12-01 03:23:29,Accepted
ahmedmusa,43251,:2024-12-06 18:00:59,:2024-12-06 18:02:02,Accepted
ahmedmusa,43251,:2024-12-06 18:02:35,:2024-12-06 18:02:51,Accepted
gooduser,234535134,:2024-12-06 19:02:29,:2024-12-06 19:03:13,Accepted
gooduser,143245879,:2024-12-06 19:02:32,:2024-12-06 19:03:15,Accepted
gooduser,43251,:2024-12-06 19:02:40,:2024-12-06 19:03:10,Accepted
Hamed,54321,:2024-12-06 21:35:38,:2024-12-06 21:59:29,Denied
Hamed,234535134,:2024-12-06 21:37:19,:2024-12-06 21:41:03,Accepted
Hamed,234535134,:2024-12-06 21:39:56,:2024-12-06 21:41:02,Accepted
tester,54321,:2024-12-06 21:44:48,:2024-12-06 21:59:31,Denied
tester,234535134,:2024-12-06 21:44:52,:2024-12-06 21:57:16,Accepted
tester,43251,:2024-12-06 21:45:05,:2024-12-06 21:57:14,Accepted
Hamed,346724637,:2024-12-06 22:07:03,:2024-12-06 22:07:27,Denied
Hamed,346724637,:2024-12-06 22:09:29,:2024-12-06 22:09:52,Denied
Hamed,2234545,:2024-12-07 00:03:09,:2024-12-07 00:03:35,Accepted
Hamed,2234545,:2024-12-07 00:07:20,:2024-12-07 00:09:15,Denied
